"","id","run","prime","target","rt_raw","rt_log"
"1",2,1,"Black","gun",618.85,6.4099074622118
"2",2,1,"Black","tool",609.842105263158,6.4006371339969
"3",2,1,"White","gun",657.421052631579,6.46403120959869
"4",2,1,"White","tool",605.263157894737,6.39602745264339
"5",2,2,"Black","gun",628.15,6.42621373855237
"6",2,2,"Black","tool",616.368421052632,6.41782461085316
"7",2,2,"White","gun",592.315789473684,6.3750378374759
"8",2,2,"White","tool",586.45,6.37119915531951
"9",2,3,"Black","gun",640.7,6.4510834574319
"10",2,3,"Black","tool",653.894736842105,6.46235224625186
"11",2,3,"White","gun",649.9,6.47237426506694
"12",2,3,"White","tool",606.8,6.39839379165713
"13",2,4,"Black","gun",610.421052631579,6.40250233658704
"14",2,4,"Black","tool",627,6.42923078700816
"15",2,4,"White","gun",638.15,6.44540061869846
"16",2,4,"White","tool",669.578947368421,6.48445732569188
"17",2,5,"Black","gun",688,6.52010797317554
"18",2,5,"Black","tool",616.9,6.41317914011441
"19",2,5,"White","gun",708.263157894737,6.54091945911845
"20",2,5,"White","tool",613.15,6.4021753517189
"21",2,6,"Black","gun",621.5,6.41591915235925
"22",2,6,"Black","tool",657.15,6.47270832353459
"23",2,6,"White","gun",629.2,6.43174426671902
"24",2,6,"White","tool",650.65,6.46953549716043
"25",3,1,"Black","gun",582.65,6.34844525783495
"26",3,1,"Black","tool",527.526315789474,6.26205073808121
"27",3,1,"White","gun",525.473684210526,6.25630616198768
"28",3,1,"White","tool",535.55,6.2673979975964
"29",3,2,"Black","gun",554.95,6.31304016314392
"30",3,2,"Black","tool",585.894736842105,6.36417987056397
"31",3,2,"White","gun",537.9,6.27372008885203
"32",3,2,"White","tool",547.3,6.29845113712167
"33",3,3,"Black","gun",544.4,6.29380128872029
"34",3,3,"Black","tool",561.2,6.31738957261603
"35",3,3,"White","gun",537.85,6.28104486719358
"36",3,3,"White","tool",592.6,6.36651708308048
"37",3,4,"Black","gun",556,6.3143076294239
"38",3,4,"Black","tool",556.95,6.31518974699396
"39",3,4,"White","gun",526.631578947368,6.25920941777034
"40",3,4,"White","tool",545.3,6.29616731944684
"41",3,5,"Black","gun",556.7,6.3124166905461
"42",3,5,"Black","tool",600.55,6.38326242090407
"43",3,5,"White","gun",540.85,6.28376786784364
"44",3,5,"White","tool",580.421052631579,6.35436760938903
"45",3,6,"Black","gun",531.9,6.26308485516795
"46",3,6,"Black","tool",548.75,6.29913466486197
"47",3,6,"White","gun",561.315789473684,6.31532718395439
"48",3,6,"White","tool",563.85,6.31764144516945
"49",4,1,"Black","gun",481.421052631579,6.16491109008381
"50",4,1,"Black","tool",540.85,6.2824422076914
"51",4,1,"White","gun",496.78947368421,6.19962524103397
"52",4,1,"White","tool",518.3,6.24455083537561
"53",4,2,"Black","gun",503.368421052632,6.21418372325914
"54",4,2,"Black","tool",544.21052631579,6.29488703137063
"55",4,2,"White","gun",518.6,6.23899412042916
"56",4,2,"White","tool",536.3,6.28166369875596
"57",4,3,"Black","gun",514.1,6.23184536477002
"58",4,3,"Black","tool",534.1,6.27481586320497
"59",4,3,"White","gun",511.777777777778,6.23034158203345
"60",4,3,"White","tool",535.25,6.27158143726697
"61",4,4,"Black","gun",494.555555555556,6.19204416639468
"62",4,4,"Black","tool",530.15,6.26737574271742
"63",4,4,"White","gun",501.55,6.21054452726195
"64",4,4,"White","tool",491.4,6.18572255600921
"65",4,5,"Black","gun",550.21052631579,6.2982977858179
"66",4,5,"Black","tool",553.25,6.31168619018881
"67",4,5,"White","gun",577.6,6.33539697331532
"68",4,5,"White","tool",560.578947368421,6.32237945370441
"69",4,6,"Black","gun",566.315789473684,6.3255964683053
"70",4,6,"Black","tool",577.25,6.35096900984537
"71",4,6,"White","gun",583.45,6.36089096819124
"72",4,6,"White","tool",592.1,6.37479115159193
"73",5,1,"Black","gun",418.421052631579,6.0248380489237
"74",5,1,"Black","tool",505.555555555556,6.21043041310806
"75",5,1,"White","gun",425.894736842105,6.04818984633444
"76",5,1,"White","tool",445.5625,6.08886985279993
"77",5,2,"Black","gun",472.3,6.11803011058294
"78",5,2,"Black","tool",477.052631578947,6.156214351749
"79",5,2,"White","gun",450.421052631579,6.09017088067687
"80",5,2,"White","tool",449.315789473684,6.09441880773626
"81",5,3,"Black","gun",422.15,6.035270078811
"82",5,3,"Black","tool",460.5,6.12541068230598
"83",5,3,"White","gun",450.473684210526,6.0845681318726
"84",5,3,"White","tool",418.21052631579,6.0283865464877
"85",5,4,"Black","gun",422.631578947368,6.02971830568709
"86",5,4,"Black","tool",528.833333333333,6.26149121010275
"87",5,4,"White","gun",432.05,6.06026600337579
"88",5,4,"White","tool",474.75,6.15394265710467
"89",5,5,"Black","gun",439.2,6.06697224758831
"90",5,5,"Black","tool",486.058823529412,6.17586197530638
"91",5,5,"White","gun",424.222222222222,6.03898954654693
"92",5,5,"White","tool",453.315789473684,6.11312158366803
"93",5,6,"Black","gun",413.6,6.00937124697315
"94",5,6,"Black","tool",475.611111111111,6.14752238713288
"95",5,6,"White","gun",425.947368421053,6.04586129385101
"96",5,6,"White","tool",444.25,6.08837900777662
"97",6,1,"Black","gun",416.55,6.02325982449814
"98",6,1,"Black","tool",454.473684210526,6.10798543422729
"99",6,1,"White","gun",416.85,6.01273745180348
"100",6,1,"White","tool",445.666666666667,6.09142569219308
"101",6,2,"Black","gun",377.157894736842,5.92567365205744
"102",6,2,"Black","tool",398.75,5.9819103105642
"103",6,2,"White","gun",379,5.93389156984126
"104",6,2,"White","tool",408.894736842105,6.00607921510505
"105",6,3,"Black","gun",382.2,5.93788825790743
"106",6,3,"Black","tool",384.75,5.9453677362757
"107",6,3,"White","gun",356.777777777778,5.86835097628575
"108",6,3,"White","tool",402.3,5.98678803355364
"109",6,4,"Black","gun",373.6,5.91614130885793
"110",6,4,"Black","tool",400.7,5.98664425377082
"111",6,4,"White","gun",375.55,5.9201765742016
"112",6,4,"White","tool",406.7,5.9954980804865
"113",6,5,"Black","gun",370.105263157895,5.9092532364805
"114",6,5,"Black","tool",403.4,5.99105583006137
"115",6,5,"White","gun",382.263157894737,5.9389062808746
"116",6,5,"White","tool",395,5.97374586226946
"117",6,6,"Black","gun",371.3,5.90762532914426
"118",6,6,"Black","tool",392.761904761905,5.94827755453155
"119",6,6,"White","gun",367.21052631579,5.89989868962507
"120",6,6,"White","tool",375.444444444444,5.92343095746157
"121",7,1,"Black","gun",508.315789473684,6.21795085171394
"122",7,1,"Black","tool",605.777777777778,6.39806928793623
"123",7,1,"White","gun",524,6.25047803770677
"124",7,1,"White","tool",569.85,6.3404970774804
"125",7,2,"Black","gun",510.611111111111,6.21956432943526
"126",7,2,"Black","tool",601.235294117647,6.38495517013267
"127",7,2,"White","gun",527.736842105263,6.23118202765843
"128",7,2,"White","tool",571.315789473684,6.32409465139327
"129",7,3,"Black","gun",541.55,6.28525950892473
"130",7,3,"Black","tool",589.666666666667,6.37122503860573
"131",7,3,"White","gun",534.941176470588,6.2735183309137
"132",7,3,"White","tool",570.526315789474,6.330609979579
"133",7,4,"Black","gun",555.368421052632,6.31310284319178
"134",7,4,"Black","tool",593.368421052632,6.37867868094654
"135",7,4,"White","gun",567.894736842105,6.32735886883157
"136",7,4,"White","tool",591.85,6.36987995641676
"137",7,5,"Black","gun",509.117647058824,6.22154796684549
"138",7,5,"Black","tool",574.78947368421,6.33301893408437
"139",7,5,"White","gun",491.263157894737,6.1792721475793
"140",7,5,"White","tool",530.052631578947,6.26438558715972
"141",7,6,"Black","gun",463.157894736842,6.11969595956647
"142",7,6,"Black","tool",547.2,6.28919239242092
"143",7,6,"White","gun",561.947368421053,6.31031075484163
"144",7,6,"White","tool",548.6,6.29325941019933
"145",8,1,"Black","gun",546.1,6.29469973411063
"146",8,1,"Black","tool",611.55,6.40120736190354
"147",8,1,"White","gun",573.105263157895,6.32131809778502
"148",8,1,"White","tool",614.1,6.4072398065113
"149",8,2,"Black","gun",574.75,6.34495707067214
"150",8,2,"Black","tool",595.21052631579,6.37813249882531
"151",8,2,"White","gun",562.95,6.31566022316435
"152",8,2,"White","tool",621,6.40905446914894
"153",8,3,"Black","gun",608.1,6.37423278432342
"154",8,3,"Black","tool",613.7,6.40670820087316
"155",8,3,"White","gun",640.157894736842,6.43908450111106
"156",8,3,"White","tool",733.578947368421,6.56846512239338
"157",8,4,"Black","gun",551.368421052632,6.29898231232327
"158",8,4,"Black","tool",642.684210526316,6.44734351317002
"159",8,4,"White","gun",540.95,6.27678810434538
"160",8,4,"White","tool",606.315789473684,6.38497930996893
"161",8,5,"Black","gun",510.555555555556,6.22989134669591
"162",8,5,"Black","tool",648.176470588235,6.45913514141004
"163",8,5,"White","gun",520.15,6.24502957890001
"164",8,5,"White","tool",630.7,6.43469814098377
"165",8,6,"Black","gun",513.2,6.23342512413051
"166",8,6,"Black","tool",590.157894736842,6.36065122187307
"167",8,6,"White","gun",518.157894736842,6.23108754860594
"168",8,6,"White","tool",553.263157894737,6.30874766961141
"169",9,1,"Black","gun",621.65,6.40694689898989
"170",9,1,"Black","tool",653.1,6.45915495192841
"171",9,1,"White","gun",638.823529411765,6.41988718895004
"172",9,1,"White","tool",661.777777777778,6.47203375035699
"173",9,2,"Black","gun",641.0625,6.4365915172754
"174",9,2,"Black","tool",751.368421052632,6.57090837986498
"175",9,2,"White","gun",672.222222222222,6.48763540345784
"176",9,2,"White","tool",682.611111111111,6.48978656417617
"177",9,3,"Black","gun",610.105263157895,6.38967113892346
"178",9,3,"Black","tool",672.4375,6.47203860580241
"179",9,3,"White","gun",701.631578947368,6.52378617578395
"180",9,3,"White","tool",631.736842105263,6.43750984739693
"181",9,4,"Black","gun",610.3,6.36956425343325
"182",9,4,"Black","tool",648.052631578947,6.44930583721368
"183",9,4,"White","gun",557.55,6.30657870976531
"184",9,4,"White","tool",713.315789473684,6.53844575877728
"185",9,5,"Black","gun",673.25,6.46708687709441
"186",9,5,"Black","tool",687.5,6.50154977546353
"187",9,5,"White","gun",738.526315789474,6.56245505359753
"188",9,5,"White","tool",683.222222222222,6.48476089643741
"189",9,6,"Black","gun",728.21052631579,6.53739826793202
"190",9,6,"Black","tool",737.3125,6.55212475013661
"191",9,6,"White","gun",705.578947368421,6.52890585880367
"192",9,6,"White","tool",722.214285714286,6.53566812427532
"193",10,1,"Black","gun",547.6,6.29930818107248
"194",10,1,"Black","tool",577.75,6.34946289316241
"195",10,1,"White","gun",511.9,6.23099855670749
"196",10,1,"White","tool",586.95,6.36663294657661
"197",10,2,"Black","gun",482.263157894737,6.16980050748393
"198",10,2,"Black","tool",507,6.22152485860945
"199",10,2,"White","gun",461.111111111111,6.12091140941687
"200",10,2,"White","tool",518.052631578947,6.24108270489574
"201",10,3,"Black","gun",457.684210526316,6.11291553598275
"202",10,3,"Black","tool",489.65,6.18669733770662
"203",10,3,"White","gun",436.947368421053,6.07199900429183
"204",10,3,"White","tool",472.85,6.15087735994485
"205",10,4,"Black","gun",452.375,6.10629730680669
"206",10,4,"Black","tool",472.2,6.14900462942034
"207",10,4,"White","gun",460.1,6.12317065638341
"208",10,4,"White","tool",482.6,6.17206672542262
"209",10,5,"Black","gun",398.526315789474,5.97842594740059
"210",10,5,"Black","tool",469.315789473684,6.14782358998724
"211",10,5,"White","gun",410.684210526316,6.01229878093839
"212",10,5,"White","tool",454.888888888889,6.1136089016144
"213",10,6,"Black","gun",398.277777777778,5.98111308528506
"214",10,6,"Black","tool",458.7,6.11940556241792
"215",10,6,"White","gun",383.95,5.94204171163958
"216",10,6,"White","tool",440.55,6.0782753719976
"217",11,1,"Black","gun",421.368421052632,6.03566739696346
"218",11,1,"Black","tool",518.3,6.24238978135596
"219",11,1,"White","gun",417.8,6.02791526617107
"220",11,1,"White","tool",467,6.14097348091953
"221",11,2,"Black","gun",429.75,6.05513831649457
"222",11,2,"Black","tool",468.3,6.14043415045102
"223",11,2,"White","gun",457.3,6.10730627269915
"224",11,2,"White","tool",470.2,6.1474663756167
"225",11,3,"Black","gun",469.9,6.1410768170285
"226",11,3,"Black","tool",482.722222222222,6.1660827099772
"227",11,3,"White","gun",450.35,6.10131693251977
"228",11,3,"White","tool",464.95,6.13434726521286
"229",11,4,"Black","gun",436.65,6.07158160174981
"230",11,4,"Black","tool",508.9,6.21750751737979
"231",11,4,"White","gun",458.05,6.12015506838232
"232",11,4,"White","tool",457.8,6.11767618298142
"233",11,5,"Black","gun",452.722222222222,6.10150639872496
"234",11,5,"Black","tool",488.736842105263,6.17349058709457
"235",11,5,"White","gun",471.65,6.14085926385014
"236",11,5,"White","tool",442.894736842105,6.08621707444947
"237",11,6,"Black","gun",463.888888888889,6.10607861882816
"238",11,6,"Black","tool",481.157894736842,6.17074935799472
"239",11,6,"White","gun",461.166666666667,6.10975490722429
"240",11,6,"White","tool",471.214285714286,6.14984175786374
"241",12,1,"Black","gun",440.473684210526,6.07731934651698
"242",12,1,"Black","tool",487.315789473684,6.17063648572492
"243",12,1,"White","gun",425.809523809524,6.04510656557307
"244",12,1,"White","tool",463.65,6.13461056522757
"245",12,2,"Black","gun",441.78947368421,6.08281763391976
"246",12,2,"Black","tool",459.65,6.12666339682607
"247",12,2,"White","gun",442.5,6.0883908623214
"248",12,2,"White","tool",500.9,6.18199767807321
"249",12,3,"Black","gun",429.105263157895,6.05693920318521
"250",12,3,"Black","tool",495.105263157895,6.20097943517092
"251",12,3,"White","gun",456.05,6.11406370513498
"252",12,3,"White","tool",479.578947368421,6.16667002114915
"253",12,4,"Black","gun",458.85,6.11787584913576
"254",12,4,"Black","tool",522.85,6.25095761817553
"255",12,4,"White","gun",478.888888888889,6.14973794869871
"256",12,4,"White","tool",537.75,6.2714360721144
"257",12,5,"Black","gun",458.9,6.11903639167053
"258",12,5,"Black","tool",476.65,6.16443602382195
"259",12,5,"White","gun",463.15,6.13376412634899
"260",12,5,"White","tool",495.45,6.19798813559972
"261",12,6,"Black","gun",434.263157894737,6.07176943933414
"262",12,6,"Black","tool",499.9,6.21172544158988
"263",12,6,"White","gun",474.6,6.15446708627676
"264",12,6,"White","tool",489.35,6.18724890024549
"265",13,1,"Black","gun",525.3,6.2604374518323
"266",13,1,"Black","tool",484.222222222222,6.16906068001598
"267",13,1,"White","gun",483.65,6.17130577116508
"268",13,1,"White","tool",508.947368421053,6.22169577339503
"269",13,2,"Black","gun",491.473684210526,6.18528695893222
"270",13,2,"Black","tool",491.473684210526,6.18151145429053
"271",13,2,"White","gun",455.47619047619,6.1030075863192
"272",13,2,"White","tool",505.6,6.21318501582838
"273",13,3,"Black","gun",505.3,6.2176423702036
"274",13,3,"Black","tool",465.45,6.13383261974891
"275",13,3,"White","gun",492.631578947368,6.18852316360544
"276",13,3,"White","tool",501.631578947368,6.20640604761786
"277",13,4,"Black","gun",502.055555555556,6.21023716101556
"278",13,4,"Black","tool",506.421052631579,6.21799079550253
"279",13,4,"White","gun",474.105263157895,6.14797752647256
"280",13,4,"White","tool",505.352941176471,6.21602315116298
"281",13,5,"Black","gun",535.842105263158,6.27501158764486
"282",13,5,"Black","tool",493.222222222222,6.17372072425868
"283",13,5,"White","gun",479.777777777778,6.14644539412197
"284",13,5,"White","tool",528,6.25548678244299
"285",13,6,"Black","gun",410.277777777778,6.00902156878804
"286",13,6,"Black","tool",463.052631578947,6.12510720488817
"287",13,6,"White","gun",443.736842105263,6.07897052960687
"288",13,6,"White","tool",478.315789473684,6.16411269490589
"289",14,1,"Black","gun",623.578947368421,6.42570445893113
"290",14,1,"Black","tool",524.5,6.24763174359224
"291",14,1,"White","gun",569.25,6.32851840069929
"292",14,1,"White","tool",524.7,6.25122109958781
"293",14,2,"Black","gun",722.2,6.56043396176305
"294",14,2,"Black","tool",573.2,6.33237512778331
"295",14,2,"White","gun",624.7,6.40211710009686
"296",14,2,"White","tool",620.95,6.40817384016927
"297",14,3,"Black","gun",836.2,6.69470936448442
"298",14,3,"Black","tool",572.8,6.33586249185501
"299",14,3,"White","gun",686.25,6.49494118646817
"300",14,3,"White","tool",707.9,6.53973314313458
"301",14,4,"Black","gun",695.05,6.49185903060193
"302",14,4,"Black","tool",582.578947368421,6.35959439264956
"303",14,4,"White","gun",649.7,6.45309078420628
"304",14,4,"White","tool",633.5,6.42569472776633
"305",14,5,"Black","gun",755.4,6.6031398340065
"306",14,5,"Black","tool",659.85,6.45832429844095
"307",14,5,"White","gun",730.5,6.5483878982274
"308",14,5,"White","tool",713.2,6.52997129037158
"309",14,6,"Black","gun",772.75,6.61336319423995
"310",14,6,"Black","tool",581.7,6.34978966359234
"311",14,6,"White","gun",567.157894736842,6.31821710728965
"312",14,6,"White","tool",618.8,6.41466085048915
"313",15,1,"Black","gun",442.6,6.08753697892723
"314",15,1,"Black","tool",575,6.34679677600618
"315",15,1,"White","gun",454.7,6.11269306445232
"316",15,1,"White","tool",534.578947368421,6.27560416326125
"317",15,2,"Black","gun",526.95,6.24068644460316
"318",15,2,"Black","tool",590.473684210526,6.35223304896321
"319",15,2,"White","gun",475.894736842105,6.15462682424622
"320",15,2,"White","tool",580.7,6.3409978011315
"321",15,3,"Black","gun",497.4,6.17663120250204
"322",15,3,"Black","tool",513,6.23348726481782
"323",15,3,"White","gun",462.7,6.10635621949614
"324",15,3,"White","tool",517.526315789474,6.23929448035669
"325",15,4,"Black","gun",485.55,6.16941597450004
"326",15,4,"Black","tool",534,6.26711241082049
"327",15,4,"White","gun",442.578947368421,6.07789938046696
"328",15,4,"White","tool",530.684210526316,6.25770169242382
"329",15,5,"Black","gun",438.222222222222,6.07880952704896
"330",15,5,"Black","tool",500.5,6.2128343532548
"331",15,5,"White","gun",468.333333333333,6.13622076092916
"332",15,5,"White","tool",508.222222222222,6.22581658049804
"333",15,6,"Black","gun",469.7,6.13864400656802
"334",15,6,"Black","tool",535.15,6.27527931114995
"335",15,6,"White","gun",483.5,6.16107368855279
"336",15,6,"White","tool",531.157894736842,6.25609154338731
"337",16,1,"Black","gun",485.368421052632,6.16884306052954
"338",16,1,"Black","tool",608.368421052632,6.40257377055746
"339",16,1,"White","gun",495.368421052632,6.19191718934014
"340",16,1,"White","tool",543.6,6.29194374615787
"341",16,2,"Black","gun",463.055555555556,6.12354607415245
"342",16,2,"Black","tool",584.45,6.34321604471245
"343",16,2,"White","gun",463.95,6.12391284572074
"344",16,2,"White","tool",530.2,6.26269838648985
"345",16,3,"Black","gun",466.526315789474,6.13239516009058
"346",16,3,"Black","tool",526.105263157895,6.25930351595831
"347",16,3,"White","gun",503,6.20553511552747
"348",16,3,"White","tool",535.9,6.27709850714451
"349",16,4,"Black","gun",481.8,6.16430751134327
"350",16,4,"Black","tool",563.1,6.31576828173967
"351",16,4,"White","gun",471.9,6.13971615629706
"352",16,4,"White","tool",525.5,6.25966277347418
"353",16,5,"Black","gun",471.631578947368,6.14495367168517
"354",16,5,"Black","tool",513.7,6.23337644682889
"355",16,5,"White","gun",481,6.15919432365004
"356",16,5,"White","tool",496.333333333333,6.20365811113299
"357",16,6,"Black","gun",454.470588235294,6.1080195896677
"358",16,6,"Black","tool",533.15,6.27427292235569
"359",16,6,"White","gun",470.7,6.14580017679231
"360",16,6,"White","tool",527.9,6.25040264590869
"361",17,1,"Black","gun",496.444444444444,6.20054132618718
"362",17,1,"Black","tool",577.9,6.34641020949538
"363",17,1,"White","gun",495.05,6.19916597628425
"364",17,1,"White","tool",529.157894736842,6.26217426610498
"365",17,2,"Black","gun",475.15,6.15683248132235
"366",17,2,"Black","tool",521.78947368421,6.25157236701692
"367",17,2,"White","gun",480.526315789474,6.16326925361977
"368",17,2,"White","tool",536.25,6.26916376392399
"369",17,3,"Black","gun",458.526315789474,6.1207329707439
"370",17,3,"Black","tool",522.947368421053,6.2514567283768
"371",17,3,"White","gun",475.5,6.15530854862622
"372",17,3,"White","tool",520.736842105263,6.249117074756
"373",17,4,"Black","gun",467,6.1347479169317
"374",17,4,"Black","tool",518.611111111111,6.23997757422964
"375",17,4,"White","gun",462.65,6.12606089044728
"376",17,4,"White","tool",486.263157894737,6.17549753532175
"377",17,5,"Black","gun",431.263157894737,6.04486735011992
"378",17,5,"Black","tool",487.368421052632,6.17545767731132
"379",17,5,"White","gun",433.722222222222,6.05708481650859
"380",17,5,"White","tool",486.611111111111,6.16059881859473
"381",17,6,"Black","gun",453.133333333333,6.09277358359441
"382",17,6,"Black","tool",497.055555555556,6.19210460442883
"383",17,6,"White","gun",449.444444444444,6.09042604036976
"384",17,6,"White","tool",453.166666666667,6.08561588632756
"385",18,1,"Black","gun",468.8,6.13981359479425
"386",18,1,"Black","tool",519.15,6.24713624976067
"387",18,1,"White","gun",459.894736842105,6.12367761090661
"388",18,1,"White","tool",510.85,6.23071339865422
"389",18,2,"Black","gun",453.7,6.10744922399029
"390",18,2,"Black","tool",493.1,6.19416881330895
"391",18,2,"White","gun",447.428571428571,6.08613379776183
"392",18,2,"White","tool",471.315789473684,6.13287173832887
"393",18,3,"Black","gun",426.5,6.0451026206343
"394",18,3,"Black","tool",446.3,6.09546877686962
"395",18,3,"White","gun",436,6.07320894842743
"396",18,3,"White","tool",484.75,6.16931362468149
"397",18,4,"Black","gun",373.857142857143,5.91142035393141
"398",18,4,"Black","tool",454.7,6.11367474636107
"399",18,4,"White","gun",446.8,6.07207084428773
"400",18,4,"White","tool",436.263157894737,6.06388868452439
"401",18,5,"Black","gun",400,5.97046258537689
"402",18,5,"Black","tool",496.684210526316,6.19617948825512
"403",18,5,"White","gun",455.833333333333,6.10719930917187
"404",18,5,"White","tool",457.25,6.11211698897303
"405",18,6,"Black","gun",409.4,5.99807751403913
"406",18,6,"Black","tool",476.05,6.13521817153336
"407",18,6,"White","gun",444.3,6.08438392566774
"408",18,6,"White","tool",450.7,6.09794515756087
"409",19,1,"Black","gun",529.2,6.26032877741926
"410",19,1,"Black","tool",599.944444444444,6.3846823226334
"411",19,1,"White","gun",516,6.22962573484474
"412",19,1,"White","tool",548.777777777778,6.30221688330965
"413",19,2,"Black","gun",530.75,6.26348147283146
"414",19,2,"Black","tool",577.833333333333,6.34813344199336
"415",19,2,"White","gun",504.3,6.21450071152294
"416",19,2,"White","tool",563.8125,6.3176240719005
"417",19,3,"Black","gun",525.3,6.24681032631197
"418",19,3,"Black","tool",640.9,6.44642256497596
"419",19,3,"White","gun",531.65,6.26424534018033
"420",19,3,"White","tool",563.055555555556,6.32297378262794
"421",19,4,"Black","gun",493,6.19611435481606
"422",19,4,"Black","tool",588.4,6.35465758575163
"423",19,4,"White","gun",577.5,6.31280011251178
"424",19,4,"White","tool",540.666666666667,6.28561456896757
"425",19,5,"Black","gun",555.65,6.30535662326472
"426",19,5,"Black","tool",600.5,6.38273743441749
"427",19,5,"White","gun",531.8,6.26526824377119
"428",19,5,"White","tool",564.25,6.32294591816521
"429",19,6,"Black","gun",552.5,6.30417024554519
"430",19,6,"Black","tool",605.05,6.37072430388691
"431",19,6,"White","gun",547.473684210526,6.28596854567151
"432",19,6,"White","tool",542.933333333333,6.28446252589507
"433",20,1,"Black","gun",448.421052631579,6.10101255473022
"434",20,1,"Black","tool",467.736842105263,6.1374106788839
"435",20,1,"White","gun",413.526315789474,6.02086099785555
"436",20,1,"White","tool",453,6.10688013895476
"437",20,2,"Black","gun",434.647058823529,6.06980355474168
"438",20,2,"Black","tool",525.444444444444,6.2125736488767
"439",20,2,"White","gun",421.277777777778,6.03634970592524
"440",20,2,"White","tool",446.05,6.09319299521726
"441",20,3,"Black","gun",429.333333333333,6.05231306977604
"442",20,3,"Black","tool",438.6,6.08024375864388
"443",20,3,"White","gun",451,6.09873075307941
"444",20,3,"White","tool",439.35,6.07713563667309
"445",20,4,"Black","gun",407.833333333333,6.00051718909723
"446",20,4,"Black","tool",411.78947368421,6.01198451948108
"447",20,4,"White","gun",404.882352941176,5.99583988644014
"448",20,4,"White","tool",403.444444444444,5.99423798466492
"449",20,5,"Black","gun",427.9,6.05050481348734
"450",20,5,"Black","tool",433.15,6.06405891547928
"451",20,5,"White","gun",421.625,6.0373531841575
"452",20,5,"White","tool",415.421052631579,6.02385009304286
"453",20,6,"Black","gun",420.444444444444,6.03728566445127
"454",20,6,"Black","tool",411.7,6.01427652608444
"455",20,6,"White","gun",411.1875,6.01401426549109
"456",20,6,"White","tool",423.3,6.0367575437363
"457",21,1,"Black","gun",476.3,6.15713268784508
"458",21,1,"Black","tool",552.6,6.29475396768013
"459",21,1,"White","gun",505.35,6.21298128730275
"460",21,1,"White","tool",539.578947368421,6.2795984490086
"461",21,2,"Black","gun",515.5,6.2030963775714
"462",21,2,"Black","tool",487.736842105263,6.18442545401056
"463",21,2,"White","gun",483.75,6.1702662990701
"464",21,2,"White","tool",488.9,6.17283012334243
"465",21,3,"Black","gun",489.05,6.18708729806384
"466",21,3,"Black","tool",492.4,6.19319344971608
"467",21,3,"White","gun",487.947368421053,6.17899886502353
"468",21,3,"White","tool",513.55,6.22408600571372
"469",21,4,"Black","gun",482.842105263158,6.16819465781903
"470",21,4,"Black","tool",499.25,6.20502721865709
"471",21,4,"White","gun",492.3,6.1936979179743
"472",21,4,"White","tool",502.65,6.20933286576738
"473",21,5,"Black","gun",527.684210526316,6.24115567162642
"474",21,5,"Black","tool",515.75,6.22668945810592
"475",21,5,"White","gun",492.944444444444,6.18329295297089
"476",21,5,"White","tool",491.944444444444,6.18778280199579
"477",21,6,"Black","gun",487.05,6.16984179257438
"478",21,6,"Black","tool",507.833333333333,6.21902944138837
"479",21,6,"White","gun",502.2,6.20657473349475
"480",21,6,"White","tool",489.368421052632,6.17390259380139
"481",22,1,"Black","gun",546.95,6.29135229923616
"482",22,1,"Black","tool",703.21052631579,6.54134007235093
"483",22,1,"White","gun",719.1,6.54465452893771
"484",22,1,"White","tool",705.842105263158,6.54339094974209
"485",22,2,"Black","gun",579.222222222222,6.32944264810063
"486",22,2,"Black","tool",698.736842105263,6.52805673992151
"487",22,2,"White","gun",637.315789473684,6.41456262612934
"488",22,2,"White","tool",676.222222222222,6.49234236923201
"489",22,3,"Black","gun",631.588235294118,6.40727702895304
"490",22,3,"Black","tool",697.294117647059,6.53789998378363
"491",22,3,"White","gun",666.470588235294,6.47988122757189
"492",22,3,"White","tool",732.75,6.56588739798709
"493",22,4,"Black","gun",610.444444444444,6.38104851983114
"494",22,4,"Black","tool",680.222222222222,6.5057408846515
"495",22,4,"White","gun",621.666666666667,6.40078967335523
"496",22,4,"White","tool",653.3125,6.45318337586349
"497",22,5,"Black","gun",574.823529411765,6.30663768606976
"498",22,5,"Black","tool",726.352941176471,6.55515910157898
"499",22,5,"White","gun",663.941176470588,6.42156248573415
"500",22,5,"White","tool",579,6.34614170906275
"501",22,6,"Black","gun",511.923076923077,6.228333166034
"502",22,6,"Black","tool",812.0625,6.65607758059962
"503",22,6,"White","gun",696.375,6.50714579655453
"504",22,6,"White","tool",563.3125,6.33078684268387
"505",23,1,"Black","gun",394.7,5.9707816202858
"506",23,1,"Black","tool",488.666666666667,6.18267452999333
"507",23,1,"White","gun",413.473684210526,6.01808644551269
"508",23,1,"White","tool",458.157894736842,6.12299478350766
"509",23,2,"Black","gun",422.45,6.03310924074689
"510",23,2,"Black","tool",503.352941176471,6.21676811734761
"511",23,2,"White","gun",452.105263157895,6.105086629804
"512",23,2,"White","tool",462.052631578947,6.13158424343246
"513",23,3,"Black","gun",412.45,6.01356109701692
"514",23,3,"Black","tool",530.882352941176,6.25106910711971
"515",23,3,"White","gun",456.105263157895,6.1155135638707
"516",23,3,"White","tool",488.894736842105,6.1886000767458
"517",23,4,"Black","gun",408.75,6.00649708446664
"518",23,4,"Black","tool",511.45,6.21928041558452
"519",23,4,"White","gun",452.894736842105,6.10878602373002
"520",23,4,"White","tool",457.666666666667,6.11988825201691
"521",23,5,"Black","gun",470.111111111111,6.13923062979328
"522",23,5,"Black","tool",495.578947368421,6.19966617277437
"523",23,5,"White","gun",501.5,6.2049059300584
"524",23,5,"White","tool",506.105263157895,6.21478447813511
"525",23,6,"Black","gun",412.25,6.01706883993377
"526",23,6,"Black","tool",498.368421052632,6.20626924938946
"527",23,6,"White","gun",476.65,6.14326692329187
"528",23,6,"White","tool",503.9,6.21316487566984
"529",24,1,"Black","gun",502.894736842105,6.20079706963817
"530",24,1,"Black","tool",503.7,6.2168835728477
"531",24,1,"White","gun",495,6.1890687785347
"532",24,1,"White","tool",514.35,6.23390670532818
"533",24,2,"Black","gun",456.65,6.11176539707741
"534",24,2,"Black","tool",520.9,6.24215378884934
"535",24,2,"White","gun",524.4,6.22565150240935
"536",24,2,"White","tool",500.4,6.20383083948629
"537",24,3,"Black","gun",458.7,6.11250197171136
"538",24,3,"Black","tool",465.5,6.13684518528267
"539",24,3,"White","gun",460.7,6.12803583821748
"540",24,3,"White","tool",516.3,6.23645700595652
"541",24,4,"Black","gun",418.9,6.03232943251327
"542",24,4,"Black","tool",476.1,6.1605868957628
"543",24,4,"White","gun",490.736842105263,6.17765968737249
"544",24,4,"White","tool",461.368421052632,6.1298066730613
"545",24,5,"Black","gun",444.05,6.08104115843358
"546",24,5,"Black","tool",544.5,6.27459015276462
"547",24,5,"White","gun",469.684210526316,6.14594686922483
"548",24,5,"White","tool",485.75,6.17642194423132
"549",24,6,"Black","gun",441.222222222222,6.06214465397686
"550",24,6,"Black","tool",499.6,6.19269710505237
"551",24,6,"White","gun",461.35,6.12173834457956
"552",24,6,"White","tool",468.5,6.13518414327208
"553",25,1,"Black","gun",701.631578947368,6.50615532105238
"554",25,1,"Black","tool",575.1,6.3348219249994
"555",25,1,"White","gun",735.2,6.56253317898329
"556",25,1,"White","tool",576.1,6.33126853234588
"557",25,2,"Black","gun",633.263157894737,6.43720674550665
"558",25,2,"Black","tool",530.95,6.26419208883188
"559",25,2,"White","gun",704.3,6.51835236438358
"560",25,2,"White","tool",549.7,6.29903869728764
"561",25,3,"Black","gun",689.45,6.48635542474202
"562",25,3,"Black","tool",600.05,6.37048673661284
"563",25,3,"White","gun",663.35,6.45999773899772
"564",25,3,"White","tool",600.95,6.36019443837716
"565",25,4,"Black","gun",689.21052631579,6.49683938823037
"566",25,4,"Black","tool",634.15,6.42658871528248
"567",25,4,"White","gun",599.25,6.37997405437399
"568",25,4,"White","tool",595.1,6.35448199398659
"569",25,5,"Black","gun",781.764705882353,6.61309551624757
"570",25,5,"Black","tool",646.666666666667,6.43196482891927
"571",25,5,"White","gun",687.052631578947,6.49425056978529
"572",25,5,"White","tool",647.052631578947,6.41585976804935
"573",25,6,"Black","gun",764.263157894737,6.59094775569982
"574",25,6,"Black","tool",580.15,6.3448504475291
"575",25,6,"White","gun",688.368421052632,6.47194788494669
"576",25,6,"White","tool",517.15,6.24105332666396
"577",27,1,"Black","gun",522.55,6.25261242507115
"578",27,1,"Black","tool",549.6,6.3027783861082
"579",27,1,"White","gun",509.15,6.22717880592773
"580",27,1,"White","tool",525.1,6.25858439800905
"581",27,2,"Black","gun",486.25,6.18542292611221
"582",27,2,"Black","tool",531.3,6.27226652328784
"583",27,2,"White","gun",503.894736842105,6.2186496397606
"584",27,2,"White","tool",494.1,6.19817200946487
"585",27,3,"Black","gun",463.15,6.13374342714034
"586",27,3,"Black","tool",499.35,6.20901633270166
"587",27,3,"White","gun",484.45,6.17947885325624
"588",27,3,"White","tool",459.842105263158,6.12442408893275
"589",27,4,"Black","gun",471.9,6.15250331227706
"590",27,4,"Black","tool",493.7,6.20046134672531
"591",27,4,"White","gun",486.45,6.18486743590797
"592",27,4,"White","tool",471.05,6.14961720756404
"593",27,5,"Black","gun",458.65,6.12545471025077
"594",27,5,"Black","tool",468.15,6.14498361910945
"595",27,5,"White","gun",454.9,6.11622104809397
"596",27,5,"White","tool",452.65,6.11072838432374
"597",27,6,"Black","gun",466.25,6.13608586316715
"598",27,6,"Black","tool",488.3,6.18784889125427
"599",27,6,"White","gun",498.45,6.20850712404228
"600",27,6,"White","tool",459.25,6.12534936988884
"601",28,1,"Black","gun",544.947368421053,6.28207458815901
"602",28,1,"Black","tool",597.45,6.38327905947892
"603",28,1,"White","gun",547.8,6.29914728147363
"604",28,1,"White","tool",536.95,6.27984024498392
"605",28,2,"Black","gun",608.55,6.3867220768267
"606",28,2,"Black","tool",672.21052631579,6.48137400953364
"607",28,2,"White","gun",559.894736842105,6.32293170092124
"608",28,2,"White","tool",634.85,6.42781554848489
"609",28,3,"Black","gun",765.4375,6.57642963669349
"610",28,3,"Black","tool",670.5,6.47744899973971
"611",28,3,"White","gun",720.3125,6.52108436880047
"612",28,3,"White","tool",613.388888888889,6.38618954676845
"613",28,4,"Black","gun",595.375,6.36984143572726
"614",28,4,"Black","tool",609.857142857143,6.39509977139601
"615",28,4,"White","gun",674.4375,6.4950731360653
"616",28,4,"White","tool",581,6.34560731004763
"617",28,5,"Black","gun",581.9,6.34696625246072
"618",28,5,"Black","tool",624,6.41867197699861
"619",28,5,"White","gun",624.6,6.42721234709697
"620",28,5,"White","tool",557.45,6.31982970016427
"621",28,6,"Black","gun",583.333333333333,6.34739346012605
"622",28,6,"Black","tool",624.47619047619,6.38883088836744
"623",28,6,"White","gun",635.315789473684,6.42683052734553
"624",28,6,"White","tool",621.833333333333,6.41666129075013
"625",29,1,"Black","gun",467.3,6.13824225235653
"626",29,1,"Black","tool",511.631578947368,6.2180733441518
"627",29,1,"White","gun",494.78947368421,6.18268973860385
"628",29,1,"White","tool",591.823529411765,6.34025558220003
"629",29,2,"Black","gun",487.388888888889,6.18197990592463
"630",29,2,"Black","tool",537.842105263158,6.27605860184375
"631",29,2,"White","gun",530.947368421053,6.26235688706088
"632",29,2,"White","tool",505.1,6.21246923906974
"633",29,3,"Black","gun",512.2,6.23367340750977
"634",29,3,"Black","tool",506.421052631579,6.2221914308842
"635",29,3,"White","gun",538.7,6.28412848033114
"636",29,3,"White","tool",518.684210526316,6.24766287145826
"637",29,4,"Black","gun",521.85,6.24925703775416
"638",29,4,"Black","tool",559.263157894737,6.30473018751827
"639",29,4,"White","gun",527.6,6.26189173696191
"640",29,4,"White","tool",554.315789473684,6.30833576169089
"641",29,5,"Black","gun",514.647058823529,6.23448909017869
"642",29,5,"Black","tool",548.388888888889,6.30017551568337
"643",29,5,"White","gun",523.684210526316,6.25372885610659
"644",29,5,"White","tool",547.947368421053,6.30152342398681
"645",29,6,"Black","gun",548.4,6.28644253765184
"646",29,6,"Black","tool",564.176470588235,6.32668456087844
"647",29,6,"White","gun",558.333333333333,6.30600514907961
"648",29,6,"White","tool",518.15,6.248332823457
"649",30,1,"Black","gun",454.555555555556,6.11348529496087
"650",30,1,"Black","tool",511.15,6.2147429876741
"651",30,1,"White","gun",472.2,6.1498419517472
"652",30,1,"White","tool",455.578947368421,6.11276876486624
"653",30,2,"Black","gun",414.75,6.01895795932442
"654",30,2,"Black","tool",463.75,6.13451365128245
"655",30,2,"White","gun",458.1,6.12150834171524
"656",30,2,"White","tool",470.6,6.14815250708284
"657",30,3,"Black","gun",411.904761904762,6.00669452801504
"658",30,3,"Black","tool",458.157894736842,6.12133237778871
"659",30,3,"White","gun",434.6,6.06201053820476
"660",30,3,"White","tool",465.4,6.1356835582691
"661",30,4,"Black","gun",432.95,6.06474864583478
"662",30,4,"Black","tool",460.25,6.1253272188092
"663",30,4,"White","gun",451.4,6.10085423197562
"664",30,4,"White","tool",475.411764705882,6.15520897918409
"665",30,5,"Black","gun",434.85,6.055815482188
"666",30,5,"Black","tool",445,6.09248155325705
"667",30,5,"White","gun",446.055555555556,6.0845581317092
"668",30,5,"White","tool",442.45,6.08639573573378
"669",30,6,"Black","gun",424.368421052632,6.03823616826518
"670",30,6,"Black","tool",455.15,6.11867457831612
"671",30,6,"White","gun",425.368421052632,6.04869411819223
"672",30,6,"White","tool",434.578947368421,6.06879937408481
"673",31,1,"Black","gun",448.4,6.09864156906002
"674",31,1,"Black","tool",539.052631578947,6.28014108334406
"675",31,1,"White","gun",460.85,6.12554592905663
"676",31,1,"White","tool",547.78947368421,6.28716833730892
"677",31,2,"Black","gun",432.6,6.05902512776299
"678",31,2,"Black","tool",534.111111111111,6.2750428793368
"679",31,2,"White","gun",432.7,6.06491191498232
"680",31,2,"White","tool",502.45,6.21375261573195
"681",31,3,"Black","gun",430.5,6.05392778649492
"682",31,3,"Black","tool",487.526315789474,6.18356166721557
"683",31,3,"White","gun",443.85,6.08685835164423
"684",31,3,"White","tool",475.555555555556,6.15780202404649
"685",31,4,"Black","gun",469.3,6.13648266391452
"686",31,4,"Black","tool",510.222222222222,6.22803920497352
"687",31,4,"White","gun",460.25,6.12624673895544
"688",31,4,"White","tool",537.2,6.24236001775526
"689",31,5,"Black","gun",443.9,6.09121028148266
"690",31,5,"Black","tool",489.263157894737,6.18638362050751
"691",31,5,"White","gun",467.21052631579,6.13748408581588
"692",31,5,"White","tool",468.75,6.14769106782494
"693",31,6,"Black","gun",403.526315789474,5.99302091105025
"694",31,6,"Black","tool",448.473684210526,6.09963296957494
"695",31,6,"White","gun",399.736842105263,5.97851290077551
"696",31,6,"White","tool",452.45,6.10997332015619
"697",32,1,"Black","gun",479,6.16107766015625
"698",32,1,"Black","tool",525.65,6.25260353163459
"699",32,1,"White","gun",473.5,6.15248055569387
"700",32,1,"White","tool",519.75,6.23018243536944
"701",32,2,"Black","gun",477.65,6.16135400315511
"702",32,2,"Black","tool",500.684210526316,6.21431395741299
"703",32,2,"White","gun",462.3,6.12737312244864
"704",32,2,"White","tool",508.45,6.2249901911681
"705",32,3,"Black","gun",519.8,6.23165185280201
"706",32,3,"Black","tool",557.684210526316,6.30489990012341
"707",32,3,"White","gun",506.4,6.22005573603939
"708",32,3,"White","tool",560.9,6.28855883766863
"709",32,4,"Black","gun",544.944444444444,6.27471568248613
"710",32,4,"Black","tool",528.333333333333,6.25290671735619
"711",32,4,"White","gun",517.722222222222,6.22760515544459
"712",32,4,"White","tool",562.894736842105,6.3128865557434
"713",32,5,"Black","gun",483.823529411765,6.17176423286525
"714",32,5,"Black","tool",531.777777777778,6.26645100348217
"715",32,5,"White","gun",583.875,6.33977608227396
"716",32,5,"White","tool",597.75,6.34174684482494
"717",32,6,"Black","gun",542.5,6.28170483367011
"718",32,6,"Black","tool",615.45,6.39119018618319
"719",32,6,"White","gun",534,6.27461137352719
"720",32,6,"White","tool",522.75,6.25206564110539
